<?xml version="1.0" encoding="UTF-8" ?>
<!DOCTYPE mapper PUBLIC "-//mybatis.org//DTD Mapper 3.0//EN" "http://mybatis.org/dtd/mybatis-3-mapper.dtd" >
<mapper namespace="com.isoft.mapping.userMapper">
    <select id="login" parameterType="map" resultType="map">
        select * from tb_user where uname=#{uname} and upwd=md5(#{upwd})
    </select>
    <insert id="register" parameterType="map">
      insert into tb_user(id,uname,upwd,email,role,registerTime,lastLoginTime)
       values(null,#{uname},md5(#{upwd}),#{email},'employee',now(),now());
    </insert>
    <select id="findAllUser" parameterType="map" resultType="map">
        select * from tb_user limit #{page},#{pageSize}
    </select>
    <select id="findUserCount" resultType="map">
        SELECT count(*) as `count` from tb_user;
    </select>
</mapper>