<?xml version="1.0" encoding="UTF-8"?>
<beans xmlns="http://www.springframework.org/schema/beans"
       xmlns:xsi="http://www.w3.org/2001/XMLSchema-instance"
       xmlns:context="http://www.springframework.org/schema/context"
       xsi:schemaLocation="http://www.springframework.org/schema/beans http://www.springframework.org/schema/beans/spring-beans.xsd http://www.springframework.org/schema/context https://www.springframework.org/schema/context/spring-context.xsd">
   <!--开启注解-->
    <context:annotation-config/>
    <context:component-scan base-package="com.isoft.service.impl,com.isoft.dao.impl"/>
    <!--mybatis整合-->
    <!--加载jdbc配置文件-->
    <context:property-placeholder location="classpath*:jdbcConfig.properties"/>
    <!--配置mysql8.0数据源-->
    <bean id="dataSource" class="org.springframework.jdbc.datasource.DriverManagerDataSource">
        <property name="driverClassName" value="${jdbc.driverClassName}"/>
        <property name="url" value="${jdbc.url}"/>
        <property name="username" value="${jdbc.username}"/>
        <property name="password" value="${jdbc.password}"/>
    </bean>
    <!--配置mysql5.5数据源-->
    <!-- <bean id="dataSource1" class="org.springframework.jdbc.datasource.DriverManagerDataSource">
         <property name="driverClassName" value="com.mysql.jdbc.Driver"/>
         <property name="url" value="jdbc:mysql://localhost:3306/ewsdb"/>
         <property name="username" value="root"/>
         <property name="password" value="1234"/>
     </bean>-->
    <!--创建sqlSessionFactoryBean对象-->
    <bean id="transactionManager" class="org.springframework.jdbc.datasource.DataSourceTransactionManager">
        <property name="dataSource" ref="dataSource"/>
    </bean>
    <bean id="sessionFactoryBean" class="org.mybatis.spring.SqlSessionFactoryBean">
        <property name="dataSource" ref="dataSource"/>
        <property name="mapperLocations" value="classpath*:**/*Mapper.xml"/>
    </bean>
</beans>