<?xml version="1.0" encoding="UTF-8"?>
<beans xmlns="http://www.springframework.org/schema/beans"
       xmlns:xsi="http://www.w3.org/2001/XMLSchema-instance"
       xmlns:context="http://www.springframework.org/schema/context"
       xsi:schemaLocation="http://www.springframework.org/schema/beans http://www.springframework.org/schema/beans/spring-beans.xsd http://www.springframework.org/schema/context https://www.springframework.org/schema/context/spring-context.xsd">
   <!--开启注解-->
    <context:annotation-config/>
    <context:component-scan base-package="com.isoft.action"/>
    <!--配置JSON消息转换器-->
    <bean class="org.springframework.web.servlet.mvc.method.annotation.RequestMappingHandlerAdapter">
        <property name="messageConverters">
            <list>
                <bean class="com.alibaba.fastjson.support.spring.FastJsonHttpMessageConverter">
                    <property name="supportedMediaTypes">
                        <list>
                            <value>text/html;charset=utf-8</value><!--设置JSON格式数据编码-->
                            <value>application/json</value><!--防止JSON格式数据文件下载-->
                        </list>
                    </property>
                </bean>
            </list>
        </property>
    </bean>
</beans>